Workbook

Sheet Sheet1
B1: =EC_Corr!B1 -> EC | C1: =EC_Corr!C1 -> pH | D1: =EC_Corr!D1 -> Soil_Moisture_Lab | E1: =EC_Corr!E1 -> Blue | F1: =EC_Corr!F1 -> Red | G1: =EC_Corr!G1 -> Green | H1: =EC_Corr!H1 -> NIR | I1: =EC_Corr!I1 -> SWIR1 | ... AF1: =EC_Corr!AF1 -> VSSI
A2: =EC_Corr!A2 -> EC | B2: =ABS(EC_Corr!B2) -> 1
A3: =EC_Corr!A3 -> pH | B3: =ABS(EC_Corr!B3) -> 0.17689375 | C3: =ABS(EC_Corr!C3) -> 1
A4: =EC_Corr!A4 -> Soil_Moisture_Lab | B4: =ABS(EC_Corr!B4) -> 0.40384677 | C4: =ABS(EC_Corr!C4) -> 0.12854166 | D4: =ABS(EC_Corr!D4) -> 1
A5: =EC_Corr!A5 -> Blue | B5: =ABS(EC_Corr!B5) -> 0.23503911 | C5: =ABS(EC_Corr!C5) -> 0.12974554 | D5: =ABS(EC_Corr!D5) -> 0.21799564 | E5: =ABS(EC_Corr!E5) -> 1
A6: =EC_Corr!A6 -> Red | B6: =ABS(EC_Corr!B6) -> 0.33209616 | C6: =ABS(EC_Corr!C6) -> 0.16118408 | D6: =ABS(EC_Corr!D6) -> 0.076359184 | E6: =ABS(EC_Corr!E6) -> 0.94690268 | F6: =ABS(EC_Corr!F6) -> 1
A7: =EC_Corr!A7 -> Green | B7: =ABS(EC_Corr!B7) -> 0.31560526 | C7: =ABS(EC_Corr!C7) -> 0.19485671 | D7: =ABS(EC_Corr!D7) -> 0.044546157 | E7: =ABS(EC_Corr!E7) -> 0.92895419 | F7: =ABS(EC_Corr!F7) -> 0.98168789 | G7: =ABS(EC_Corr!G7) -> 1
A8: =EC_Corr!A8 -> NIR | B8: =ABS(EC_Corr!B8) -> 0.51153274 | C8: =ABS(EC_Corr!C8) -> 0.41022745 | D8: =ABS(EC_Corr!D8) -> 0.18279436 | E8: =ABS(EC_Corr!E8) -> 0.12103986 | F8: =ABS(EC_Corr!F8) -> 0.15600701 | G8: =ABS(EC_Corr!G8) -> 0.091241915 | H8: =ABS(EC_Corr!H8) -> 1
A9: =EC_Corr!A9 -> SWIR1 | B9: =ABS(EC_Corr!B9) -> 0.04003469 | C9: =ABS(EC_Corr!C9) -> 0.12142105 | D9: =ABS(EC_Corr!D9) -> 0.35644264 | E9: =ABS(EC_Corr!E9) -> 0.82619077 | F9: =ABS(EC_Corr!F9) -> 0.78829026 | G9: =ABS(EC_Corr!G9) -> 0.73939194 | H9: =ABS(EC_Corr!H9) -> 0.24881676 | I9: =ABS(EC_Corr!I9) -> 1
A10: =EC_Corr!A10 -> SWIR2 | B10: =ABS(EC_Corr!B10) -> 0.071960969 | C10: =ABS(EC_Corr!C10) -> 0.035894253 | D10: =ABS(EC_Corr!D10) -> 0.30046909 | E10: =ABS(EC_Corr!E10) -> 0.88804195 | F10: =ABS(EC_Corr!F10) -> 0.86832832 | G10: =ABS(EC_Corr!G10) -> 0.82134288 | H10: =ABS(EC_Corr!H10) -> 0.091294602 | I10: =ABS(EC_Corr!I10) -> 0.965984 | J10: =ABS(EC_Corr!J10) -> 1
A11: =EC_Corr!A11 -> NBR | B11: =ABS(EC_Corr!B11) -> 0.32708298 | C11: =ABS(EC_Corr!C11) -> 0.10931978 | D11: =ABS(EC_Corr!D11) -> 0.33934705 | E11: =ABS(EC_Corr!E11) -> 0.11167059 | F11: =ABS(EC_Corr!F11) -> 0.41605581 | G11: =ABS(EC_Corr!G11) -> 0.39724797 | H11: =ABS(EC_Corr!H11) -> 0.12415201 | I11: =ABS(EC_Corr!I11) -> 0.1476149 | ... K11: =ABS(EC_Corr!K11) -> 1
A12: =EC_Corr!A12 -> NBG | B12: =ABS(EC_Corr!B12) -> 0.079797222 | C12: =ABS(EC_Corr!C12) -> 0.040257353 | D12: =ABS(EC_Corr!D12) -> 0.4356019 | E12: =ABS(EC_Corr!E12) -> 0.84734921 | F12: =ABS(EC_Corr!F12) -> 0.6768134 | G12: =ABS(EC_Corr!G12) -> 0.60356805 | H12: =ABS(EC_Corr!H12) -> 0.16888656 | I12: =ABS(EC_Corr!I12) -> 0.7488109 | ... L12: =ABS(EC_Corr!L12) -> 1
A13: =EC_Corr!A13 -> NBNIR | B13: =ABS(EC_Corr!B13) -> 0.46952425 | C13: =ABS(EC_Corr!C13) -> 0.30089076 | D13: =ABS(EC_Corr!D13) -> 0.062963501 | E13: =ABS(EC_Corr!E13) -> 0.88693264 | F13: =ABS(EC_Corr!F13) -> 0.86593972 | G13: =ABS(EC_Corr!G13) -> 0.8234371 | H13: =ABS(EC_Corr!H13) -> 0.54850924 | I13: =ABS(EC_Corr!I13) -> 0.57492911 | ... M13: =ABS(EC_Corr!M13) -> 1
A14: =EC_Corr!A14 -> NBSWIR1 | B14: =ABS(EC_Corr!B14) -> 0.42939341 | C14: =ABS(EC_Corr!C14) -> 0.40915865 | D14: =ABS(EC_Corr!D14) -> 0.19390683 | E14: =ABS(EC_Corr!E14) -> 0.22012119 | F14: =ABS(EC_Corr!F14) -> 0.1963997 | G14: =ABS(EC_Corr!G14) -> 0.23558644 | H14: =ABS(EC_Corr!H14) -> 0.68439399 | I14: =ABS(EC_Corr!I14) -> 0.35576698 | ... N14: =ABS(EC_Corr!N14) -> 1
A15: =EC_Corr!A15 -> NBSWIR2 | B15: =ABS(EC_Corr!B15) -> 0.097629734 | C15: =ABS(EC_Corr!C15) -> 0.20821998 | D15: =ABS(EC_Corr!D15) -> 0.27123264 | E15: =ABS(EC_Corr!E15) -> 0.41973247 | F15: =ABS(EC_Corr!F15) -> 0.45521388 | G15: =ABS(EC_Corr!G15) -> 0.3893996 | H15: =ABS(EC_Corr!H15) -> 0.37524813 | I15: =ABS(EC_Corr!I15) -> 0.80791095 | ... O15: =ABS(EC_Corr!O15) -> 1
A16: =EC_Corr!A16 -> NDVI | B16: =ABS(EC_Corr!B16) -> 0.2945031 | C16: =ABS(EC_Corr!C16) -> 0.11438822 | D16: =ABS(EC_Corr!D16) -> 0.18464058 | E16: =ABS(EC_Corr!E16) -> 0.86838783 | F16: =ABS(EC_Corr!F16) -> 0.91182594 | G16: =ABS(EC_Corr!G16) -> 0.83035042 | H16: =ABS(EC_Corr!H16) -> 0.24536346 | I16: =ABS(EC_Corr!I16) -> 0.79865515 | ... P16: =ABS(EC_Corr!P16) -> 1
A17: =EC_Corr!A17 -> NDSI2 | B17: =ABS(EC_Corr!B17) -> 0.5203111 | C17: =ABS(EC_Corr!C17) -> 0.3109359 | D17: =ABS(EC_Corr!D17) -> 0.028692649 | E17: =ABS(EC_Corr!E17) -> 0.83784779 | F17: =ABS(EC_Corr!F17) -> 0.90224887 | G17: =ABS(EC_Corr!G17) -> 0.85813755 | H17: =ABS(EC_Corr!H17) -> 0.54647013 | I17: =ABS(EC_Corr!I17) -> 0.55937206 | ... Q17: =ABS(EC_Corr!Q17) -> 1
A18: =EC_Corr!A18 -> NRSWIR1 | B18: =ABS(EC_Corr!B18) -> 0.55860022 | C18: =ABS(EC_Corr!C18) -> 0.42961736 | D18: =ABS(EC_Corr!D18) -> 0.35099619 | E18: =ABS(EC_Corr!E18) -> 0.25945692 | F18: =ABS(EC_Corr!F18) -> 0.39435398 | G18: =ABS(EC_Corr!G18) -> 0.42154428 | H18: =ABS(EC_Corr!H18) -> 0.68411301 | I18: =ABS(EC_Corr!I18) -> 0.24273517 | ... R18: =ABS(EC_Corr!R18) -> 1
A19: =EC_Corr!A19 -> NRSWIR2 | B19: =ABS(EC_Corr!B19) -> 0.27049017 | C19: =ABS(EC_Corr!C19) -> 0.27060621 | D19: =ABS(EC_Corr!D19) -> 0.4477918 | E19: =ABS(EC_Corr!E19) -> 0.36424323 | F19: =ABS(EC_Corr!F19) -> 0.25145977 | G19: =ABS(EC_Corr!G19) -> 0.19232412 | H19: =ABS(EC_Corr!H19) -> 0.44579454 | I19: =ABS(EC_Corr!I19) -> 0.74700745 | ... S19: =ABS(EC_Corr!S19) -> 1
A20: =EC_Corr!A20 -> NDWI | B20: =ABS(EC_Corr!B20) -> 0.58091545 | C20: =ABS(EC_Corr!C20) -> 0.39766018 | D20: =ABS(EC_Corr!D20) -> 0.11618361 | E20: =ABS(EC_Corr!E20) -> 0.74424953 | F20: =ABS(EC_Corr!F20) -> 0.81228923 | G20: =ABS(EC_Corr!G20) -> 0.78827942 | H20: =ABS(EC_Corr!H20) -> 0.67209669 | I20: =ABS(EC_Corr!I20) -> 0.38249092 | ... T20: =ABS(EC_Corr!T20) -> 1
A21: =EC_Corr!A21 -> NGSWIR1 | B21: =ABS(EC_Corr!B21) -> 0.29349953 | C21: =ABS(EC_Corr!C21) -> 0.31353332 | D21: =ABS(EC_Corr!D21) -> 0.44938764 | E21: =ABS(EC_Corr!E21) -> 0.39384339 | F21: =ABS(EC_Corr!F21) -> 0.30235824 | G21: =ABS(EC_Corr!G21) -> 0.22093177 | H21: =ABS(EC_Corr!H21) -> 0.46983092 | I21: =ABS(EC_Corr!I21) -> 0.8091744 | ... U21: =ABS(EC_Corr!U21) -> 1
A22: =EC_Corr!A22 -> NGSWIR2 | B22: =ABS(EC_Corr!B22) -> 0.027428449 | C22: =ABS(EC_Corr!C22) -> 0.12241578 | D22: =ABS(EC_Corr!D22) -> 0.40510048 | E22: =ABS(EC_Corr!E22) -> 0.70859688 | F22: =ABS(EC_Corr!F22) -> 0.65421695 | G22: =ABS(EC_Corr!G22) -> 0.57122493 | H22: =ABS(EC_Corr!H22) -> 0.17821683 | I22: =ABS(EC_Corr!I22) -> 0.9344344 | ... V22: =ABS(EC_Corr!V22) -> 1
A23: =EC_Corr!A23 -> NNIRSWIR1 | B23: =ABS(EC_Corr!B23) -> 0.27174931 | C23: =ABS(EC_Corr!C23) -> 0.12137292 | D23: =ABS(EC_Corr!D23) -> 0.22745081 | E23: =ABS(EC_Corr!E23) -> 0.87835608 | F23: =ABS(EC_Corr!F23) -> 0.87073184 | G23: =ABS(EC_Corr!G23) -> 0.79251979 | H23: =ABS(EC_Corr!H23) -> 0.26117885 | I23: =ABS(EC_Corr!I23) -> 0.85749941 | ... W23: =ABS(EC_Corr!W23) -> 1
A24: =EC_Corr!A24 -> NNIRSWIR2 | B24: =ABS(EC_Corr!B24) -> 0.30601445 | C24: =ABS(EC_Corr!C24) -> 0.14067507 | D24: =ABS(EC_Corr!D24) -> 0.2055078 | E24: =ABS(EC_Corr!E24) -> 0.89759321 | F24: =ABS(EC_Corr!F24) -> 0.89773473 | G24: =ABS(EC_Corr!G24) -> 0.82783664 | H24: =ABS(EC_Corr!H24) -> 0.27774038 | I24: =ABS(EC_Corr!I24) -> 0.83862245 | ... X24: =ABS(EC_Corr!X24) -> 1
A25: =EC_Corr!A25 -> NDSI1 | B25: =ABS(EC_Corr!B25) -> 0.34874602 | C25: =ABS(EC_Corr!C25) -> 0.19136145 | D25: =ABS(EC_Corr!D25) -> 0.16316164 | E25: =ABS(EC_Corr!E25) -> 0.84227051 | F25: =ABS(EC_Corr!F25) -> 0.86333275 | G25: =ABS(EC_Corr!G25) -> 0.8161341 | H25: =ABS(EC_Corr!H25) -> 0.2987016 | I25: =ABS(EC_Corr!I25) -> 0.70603083 | ... Y25: =ABS(EC_Corr!Y25) -> 1
A26: =EC_Corr!A26 -> SI1 | B26: =ABS(EC_Corr!B26) -> 0.32790429 | C26: =ABS(EC_Corr!C26) -> 0.17329301 | D26: =ABS(EC_Corr!D26) -> 0.062077979 | E26: =ABS(EC_Corr!E26) -> 0.94387017 | F26: =ABS(EC_Corr!F26) -> 0.99718223 | G26: =ABS(EC_Corr!G26) -> 0.99310991 | H26: =ABS(EC_Corr!H26) -> 0.1305502 | I26: =ABS(EC_Corr!I26) -> 0.77257379 | ... Z26: =ABS(EC_Corr!Z26) -> 1
A27: =EC_Corr!A27 -> SI2 | B27: =ABS(EC_Corr!B27) -> 0.32665189 | C27: =ABS(EC_Corr!C27) -> 0.17593952 | D27: =ABS(EC_Corr!D27) -> 0.067241942 | E27: =ABS(EC_Corr!E27) -> 0.94447115 | F27: =ABS(EC_Corr!F27) -> 0.99753382 | G27: =ABS(EC_Corr!G27) -> 0.99252594 | H27: =ABS(EC_Corr!H27) -> 0.13381875 | I27: =ABS(EC_Corr!I27) -> 0.77377326 | ... AA27: =ABS(EC_Corr!AA27) -> 1
A28: =EC_Corr!A28 -> SI3 | B28: =ABS(EC_Corr!B28) -> 0.28893185 | C28: =ABS(EC_Corr!C28) -> 0.14747361 | D28: =ABS(EC_Corr!D28) -> 0.14706825 | E28: =ABS(EC_Corr!E28) -> 0.98588922 | F28: =ABS(EC_Corr!F28) -> 0.98734362 | G28: =ABS(EC_Corr!G28) -> 0.96899868 | H28: =ABS(EC_Corr!H28) -> 0.14021516 | I28: =ABS(EC_Corr!I28) -> 0.8176942 | ... AB28: =ABS(EC_Corr!AB28) -> 1
A29: =EC_Corr!A29 -> SI4 | B29: =ABS(EC_Corr!B29) -> 0.23079801 | C29: =ABS(EC_Corr!C29) -> 0.26673435 | D29: =ABS(EC_Corr!D29) -> 0.3320646 | E29: =ABS(EC_Corr!E29) -> 0.58512153 | F29: =ABS(EC_Corr!F29) -> 0.58653263 | G29: =ABS(EC_Corr!G29) -> 0.57299696 | H29: =ABS(EC_Corr!H29) -> 0.64278697 | I29: =ABS(EC_Corr!I29) -> 0.84805743 | ... AC29: =ABS(EC_Corr!AC29) -> 1
A30: =EC_Corr!A30 -> SI5 | B30: =ABS(EC_Corr!B30) -> 0.32857844 | C30: =ABS(EC_Corr!C30) -> 0.10769759 | D30: =ABS(EC_Corr!D30) -> 0.33753879 | E30: =ABS(EC_Corr!E30) -> 0.11917474 | F30: =ABS(EC_Corr!F30) -> 0.42175424 | G30: =ABS(EC_Corr!G30) -> 0.40288085 | H30: =ABS(EC_Corr!H30) -> 0.11825477 | I30: =ABS(EC_Corr!I30) -> 0.15570419 | ... AD30: =ABS(EC_Corr!AD30) -> 1
A31: =EC_Corr!A31 -> SAVI | B31: =ABS(EC_Corr!B31) -> 0.46189953 | C31: =ABS(EC_Corr!C31) -> 0.38813624 | D31: =ABS(EC_Corr!D31) -> 0.19791356 | E31: =ABS(EC_Corr!E31) -> 0.036983078 | F31: =ABS(EC_Corr!F31) -> 0.010529287 | G31: =ABS(EC_Corr!G31) -> 0.073008681 | H31: =ABS(EC_Corr!H31) -> 0.98605855 | I31: =ABS(EC_Corr!I31) -> 0.38468355 | ... AE31: =ABS(EC_Corr!AE31) -> 1
A32: =EC_Corr!A32 -> VSSI | B32: =ABS(EC_Corr!B32) -> 0.27481029 | C32: =ABS(EC_Corr!C32) -> 0.29009948 | D32: =ABS(EC_Corr!D32) -> 0.21839647 | E32: =ABS(EC_Corr!E32) -> 0.44163766 | F32: =ABS(EC_Corr!F32) -> 0.44035602 | G32: =ABS(EC_Corr!G32) -> 0.48253754 | H32: =ABS(EC_Corr!H32) -> 0.81752198 | I32: =ABS(EC_Corr!I32) -> 0.69558229 | ... AF32: =ABS(EC_Corr!AF32) -> 1
A34: =EC_Corr!A34 -> 0

Sheet Sheet2
B1: =EC_Corr!B1 -> EC
A2: =EC_Corr!A2 -> EC | B2: =ABS(EC_Corr!B2) -> 1
A3: =EC_Corr!A20 -> NDWI | B3: =ABS(EC_Corr!B20) -> 0.58091545
A4: =EC_Corr!A18 -> NRSWIR1 | B4: =ABS(EC_Corr!B18) -> 0.55860022
A5: =EC_Corr!A17 -> NDSI2 | B5: =ABS(EC_Corr!B17) -> 0.5203111
A6: =EC_Corr!A8 -> NIR | B6: =ABS(EC_Corr!B8) -> 0.51153274
A7: =EC_Corr!A13 -> NBNIR | B7: =ABS(EC_Corr!B13) -> 0.46952425
A8: =EC_Corr!A31 -> SAVI | B8: =ABS(EC_Corr!B31) -> 0.46189953
A9: =EC_Corr!A14 -> NBSWIR1 | B9: =ABS(EC_Corr!B14) -> 0.42939341
A10: =EC_Corr!A4 -> Soil_Moisture_Lab | B10: =ABS(EC_Corr!B4) -> 0.40384677
A11: =EC_Corr!A25 -> NDSI1 | B11: =ABS(EC_Corr!B25) -> 0.34874602
A12: =EC_Corr!A6 -> Red | B12: =ABS(EC_Corr!B6) -> 0.33209616
A13: =EC_Corr!A30 -> SI5 | B13: =ABS(EC_Corr!B30) -> 0.32857844
A14: =EC_Corr!A26 -> SI1 | B14: =ABS(EC_Corr!B26) -> 0.32790429
A15: =EC_Corr!A11 -> NBR | B15: =ABS(EC_Corr!B11) -> 0.32708298
A16: =EC_Corr!A27 -> SI2 | B16: =ABS(EC_Corr!B27) -> 0.32665189
A17: =EC_Corr!A7 -> Green | B17: =ABS(EC_Corr!B7) -> 0.31560526
A18: =EC_Corr!A24 -> NNIRSWIR2 | B18: =ABS(EC_Corr!B24) -> 0.30601445
A19: =EC_Corr!A16 -> NDVI | B19: =ABS(EC_Corr!B16) -> 0.2945031
A20: =EC_Corr!A21 -> NGSWIR1 | B20: =ABS(EC_Corr!B21) -> 0.29349953
A21: =EC_Corr!A28 -> SI3 | B21: =ABS(EC_Corr!B28) -> 0.28893185
A22: =EC_Corr!A32 -> VSSI | B22: =ABS(EC_Corr!B32) -> 0.27481029
A23: =EC_Corr!A23 -> NNIRSWIR1 | B23: =ABS(EC_Corr!B23) -> 0.27174931
A24: =EC_Corr!A19 -> NRSWIR2 | B24: =ABS(EC_Corr!B19) -> 0.27049017
A25: =EC_Corr!A5 -> Blue | B25: =ABS(EC_Corr!B5) -> 0.23503911
A26: =EC_Corr!A29 -> SI4 | B26: =ABS(EC_Corr!B29) -> 0.23079801
A27: =EC_Corr!A3 -> pH | B27: =ABS(EC_Corr!B3) -> 0.17689375
A28: =EC_Corr!A15 -> NBSWIR2 | B28: =ABS(EC_Corr!B15) -> 0.097629734
A29: =EC_Corr!A12 -> NBG | B29: =ABS(EC_Corr!B12) -> 0.079797222
A30: =EC_Corr!A10 -> SWIR2 | B30: =ABS(EC_Corr!B10) -> 0.071960969
A31: =EC_Corr!A9 -> SWIR1 | B31: =ABS(EC_Corr!B9) -> 0.04003469
A32: =EC_Corr!A22 -> NGSWIR2 | B32: =ABS(EC_Corr!B22) -> 0.027428449
A34: =EC_Corr!A34 -> 0

Sheet EC_Corr
B1: EC | C1: pH | D1: Soil_Moisture_Lab | E1: Blue | F1: Red | G1: Green | H1: NIR | I1: SWIR1 | J1: SWIR2 | K1: NBR | L1: NBG | M1: NBNIR | N1: NBSWIR1 | O1: NBSWIR2 | P1: NDVI | Q1: NDSI2 | R1: NRSWIR1 | S1: NRSWIR2 | T1: NDWI | U1: NGSWIR1 | V1: NGSWIR2 | W1: NNIRSWIR1 | X1: NNIRSWIR2 | Y1: NDSI1 | Z1: SI1 | AA1: SI2 | AB1: SI3 | AC1: SI4 | AD1: SI5 | AE1: SAVI | AF1: VSSI
A2: EC | B2: 1 | C2: 0.17689375 | D2: 0.40384677 | E2: 0.23503911 | F2: 0.33209616 | G2: 0.31560526 | H2: -0.51153274 | I2: -0.04003469 | J2: 0.071960969 | K2: -0.32708298 | L2: 0.079797222 | M2: 0.46952425 | N2: 0.42939341 | O2: 0.097629734 | P2: 0.2945031 | Q2: 0.5203111 | R2: 0.55860022 | S2: 0.27049017 | T2: 0.58091545 | U2: 0.29349953 | V2: 0.027428449 | W2: -0.27174931 | X2: -0.30601445 | Y2: -0.34874602 | Z2: 0.32790429 | AA2: 0.32665189 | AB2: 0.28893185 | AC2: -0.23079801 | AD2: -0.32857844 | AE2: -0.46189953 | AF2: 0.27481029
A3: pH | B3: 0.17689375 | C3: 1 | D3: 0.12854166 | E3: 0.12974554 | F3: 0.16118408 | G3: 0.19485671 | H3: -0.41022745 | I3: -0.12142105 | J3: -0.035894253 | K3: -0.10931978 | L3: 0.040257353 | M3: 0.30089076 | N3: 0.40915865 | O3: 0.20821998 | P3: 0.11438822 | Q3: 0.3109359 | R3: 0.42961736 | S3: 0.27060621 | T3: 0.39766018 | U3: 0.31353332 | V3: 0.12241578 | W3: -0.12137292 | X3: -0.14067507 | Y3: -0.19136145 | Z3: 0.17329301 | AA3: 0.17593952 | AB3: 0.14747361 | AC3: -0.26673435 | AD3: -0.10769759 | AE3: -0.38813624 | AF3: 0.29009948
A4: Soil_Moisture_Lab | B4: 0.40384677 | C4: 0.12854166 | D4: 1 | E4: -0.21799564 | F4: -0.076359184 | G4: -0.044546157 | H4: -0.18279436 | I4: -0.35644264 | J4: -0.30046909 | K4: -0.33934705 | L4: -0.4356019 | M4: -0.062963501 | N4: 0.19390683 | O4: 0.27123264 | P4: -0.18464058 | Q4: 0.028692649 | R4: 0.35099619 | S4: 0.4477918 | T4: 0.11618361 | U4: 0.44938764 | V4: 0.40510048 | W4: 0.22745081 | X4: 0.2055078 | Y4: 0.16316164 | Z4: -0.062077979 | AA4: -0.067241942 | AB4: -0.14706825 | AC4: -0.3320646 | AD4: -0.33753879 | AE4: -0.19791356 | AF4: 0.21839647
A5: Blue | B5: 0.23503911 | C5: 0.12974554 | D5: -0.21799564 | E5: 1 | F5: 0.94690268 | G5: 0.92895419 | H5: -0.12103986 | I5: 0.82619077 | J5: 0.88804195 | K5: -0.11167059 | L5: 0.84734921 | M5: 0.88693264 | N5: 0.22012119 | O5: -0.41973247 | P5: 0.86838783 | Q5: 0.83784779 | R5: 0.25945692 | S5: -0.36424323 | T5: 0.74424953 | U5: -0.39384339 | V5: -0.70859688 | W5: -0.87835608 | X5: -0.89759321 | Y5: -0.84227051 | Z5: 0.94387017 | AA5: 0.94447115 | AB5: 0.98588922 | AC5: 0.58512153 | AD5: -0.11917474 | AE5: 0.036983078 | AF5: -0.44163766
A6: Red | B6: 0.33209616 | C6: 0.16118408 | D6: -0.076359184 | E6: 0.94690268 | F6: 1 | G6: 0.98168789 | H6: -0.15600701 | I6: 0.78829026 | J6: 0.86832832 | K6: -0.41605581 | L6: 0.6768134 | M6: 0.86593972 | N6: 0.1963997 | O6: -0.45521388 | P6: 0.91182594 | Q6: 0.90224887 | R6: 0.39435398 | S6: -0.25145977 | T6: 0.81228923 | U6: -0.30235824 | V6: -0.65421695 | W6: -0.87073184 | X6: -0.89773473 | Y6: -0.86333275 | Z6: 0.99718223 | AA6: 0.99753382 | AB6: 0.98734362 | AC6: 0.58653263 | AD6: -0.42175424 | AE6: 0.010529287 | AF6: -0.44035602
A7: Green | B7: 0.31560526 | C7: 0.19485671 | D7: -0.044546157 | E7: 0.92895419 | F7: 0.98168789 | G7: 1 | H7: -0.091241915 | I7: 0.73939194 | J7: 0.82134288 | K7: -0.39724797 | L7: 0.60356805 | M7: 0.8234371 | N7: 0.23558644 | O7: -0.3893996 | P7: 0.83035042 | Q7: 0.85813755 | R7: 0.42154428 | S7: -0.19232412 | T7: 0.78827942 | U7: -0.22093177 | V7: -0.57122493 | W7: -0.79251979 | X7: -0.82783664 | Y7: -0.8161341 | Z7: 0.99310991 | AA7: 0.99252594 | AB7: 0.96899868 | AC7: 0.57299696 | AD7: -0.40288085 | AE7: 0.073008681 | AF7: -0.48253754
A8: NIR | B8: -0.51153274 | C8: -0.41022745 | D8: -0.18279436 | E8: -0.12103986 | F8: -0.15600701 | G8: -0.091241915 | H8: 1 | I8: 0.24881676 | J8: 0.091294602 | K8: 0.12415201 | L8: -0.16888656 | M8: -0.54850924 | N8: -0.68439399 | O8: -0.37524813 | P8: -0.24536346 | Q8: -0.54647013 | R8: -0.68411301 | S8: -0.44579454 | T8: -0.67209669 | U8: -0.46983092 | V8: -0.17821683 | W8: 0.26117885 | X8: 0.27774038 | Y8: 0.2987016 | Z8: -0.1305502 | AA8: -0.13381875 | AB8: -0.14021516 | AC8: 0.64278697 | AD8: 0.11825477 | AE8: 0.98605855 | AF8: -0.81752198
A9: SWIR1 | B9: -0.04003469 | C9: -0.12142105 | D9: -0.35644264 | E9: 0.82619077 | F9: 0.78829026 | G9: 0.73939194 | H9: 0.24881676 | I9: 1 | J9: 0.965984 | K9: -0.1476149 | L9: 0.7488109 | M9: 0.57492911 | N9: -0.35576698 | O9: -0.80791095 | P9: 0.79865515 | Q9: 0.55937206 | R9: -0.24273517 | S9: -0.74700745 | T9: 0.38249092 | U9: -0.8091744 | V9: -0.9344344 | W9: -0.85749941 | X9: -0.83862245 | Y9: -0.70603083 | Z9: 0.77257379 | AA9: 0.77377326 | AB9: 0.8176942 | AC9: 0.84805743 | AD9: -0.15570419 | AE9: 0.38468355 | AF9: -0.69558229
A10: SWIR2 | B10: 0.071960969 | C10: -0.035894253 | D10: -0.30046909 | E10: 0.88804195 | F10: 0.86832832 | G10: 0.82134288 | H10: 0.091294602 | I10: 0.965984 | J10: 1 | K10: -0.19571995 | L10: 0.76503439 | M10: 0.69301812 | N10: -0.19017211 | O10: -0.76558055 | P10: 0.84675881 | Q10: 0.68293946 | R10: -0.068339614 | S10: -0.68075117 | T10: 0.53272082 | U10: -0.68072557 | V10: -0.91327936 | W10: -0.89674763 | X10: -0.91504372 | Y10: -0.847876 | Z10: 0.85414932 | AA10: 0.8544027 | AB10: 0.88984195 | AC10: 0.75726537 | AD10: -0.20302596 | AE10: 0.23870094 | AF10: -0.5967597
A11: NBR | B11: -0.32708298 | C11: -0.10931978 | D11: -0.33934705 | E11: -0.11167059 | F11: -0.41605581 | G11: -0.39724797 | H11: 0.12415201 | I11: -0.1476149 | J11: -0.19571995 | K11: 1 | L11: 0.2604175 | M11: -0.17776436 | N11: 0.084581357 | O11: 0.27842354 | P11: -0.42111276 | Q11: -0.42935634 | R11: -0.43784029 | S11: -0.2109896 | T11: -0.39646576 | U11: -0.092527895 | V11: 0.078847539 | W11: 0.25888864 | X11: 0.26869092 | Y11: 0.28246464 | Z11: -0.40975383 | AA11: -0.4117084 | AB11: -0.27175735 | AC11: -0.20845007 | AD11: 0.99918918 | AE11: 0.055594674 | AF11: 0.13077408
A12: NBG | B12: 0.079797222 | C12: 0.040257353 | D12: -0.4356019 | E12: 0.84734921 | F12: 0.6768134 | G12: 0.60356805 | H12: -0.16888656 | I12: 0.7488109 | J12: 0.76503439 | K12: 0.2604175 | L12: 1 | M12: 0.77652364 | N12: 0.14494909 | O12: -0.38460285 | P12: 0.76585864 | Q12: 0.63968414 | R12: -0.0026112828 | S12: -0.51468597 | T12: 0.52952806 | U12: -0.55486307 | V12: -0.75835007 | W12: -0.82000932 | X12: -0.80727697 | Y12: -0.70770159 | Z12: 0.64960632 | AA12: 0.6544276 | AB12: 0.76999067 | AC12: 0.46796168 | AD12: 0.25195949 | AE12: -0.056953655 | AF12: -0.25105878
A13: NBNIR | B13: 0.46952425 | C13: 0.30089076 | D13: -0.062963501 | E13: 0.88693264 | F13: 0.86593972 | G13: 0.8234371 | H13: -0.54850924 | I13: 0.57492911 | J13: 0.69301812 | K13: -0.17776436 | L13: 0.77652364 | M13: 1 | N13: 0.48844991 | O13: -0.19041759 | P13: 0.84801888 | Q13: 0.96413774 | R13: 0.53685263 | S13: -0.096846911 | T13: 0.94249405 | U13: -0.11847375 | V13: -0.51446887 | W13: -0.86329634 | X13: -0.88400058 | Y13: -0.84096678 | Z13: 0.85237662 | AA13: 0.85477627 | AB13: 0.88772193 | AC13: 0.19800632 | AD13: -0.18183387 | AE13: -0.40940029 | AF13: -0.0058804991
... A32: VSSI | B32: 0.27481029 | C32: 0.29009948 | D32: 0.21839647 | E32: -0.44163766 | F32: -0.44035602 | G32: -0.48253754 | H32: -0.81752198 | I32: -0.69558229 | J32: -0.5967597 | K32: 0.13077408 | L32: -0.25105878 | M32: -0.0058804991 | N32: 0.52292883 | O32: 0.62168525 | P32: -0.31864356 | Q32: -0.029131906 | R32: 0.4055372 | S32: 0.56707677 | T32: 0.14239445 | U32: 0.62286313 | V32: 0.55910363 | W32: 0.27963316 | X32: 0.27853241 | Y32: 0.23507611 | Z32: -0.45950753 | AA32: -0.45687745 | AB32: -0.44754459 | AC32: -0.93439737 | AD32: 0.13952004 | AE32: -0.90179294 | AF32: 1
